{
  "lr": 0.015942172663796376,
  "k": 13,
  "c": 5.915499671463843,
  "gamma": 3.9890631877815164,
  "epochs": 20,
  "hidden_dim": 64
}